Datetime,Water Level (m)
2025-06-08 00:00:00,0.44632527
2025-06-08 01:00:00,0.49933237
2025-06-08 02:00:00,0.46734455
2025-06-08 03:00:00,0.3851746
2025-06-08 04:00:00,0.2643264
2025-06-08 05:00:00,0.14770816
2025-06-08 06:00:00,0.05313011
2025-06-08 07:00:00,0.013753044
2025-06-08 08:00:00,0.03773153
2025-06-08 09:00:00,0.11286854
2025-06-08 10:00:00,0.2131987
2025-06-08 11:00:00,0.30418888
2025-06-08 12:00:00,0.37587714
2025-06-08 13:00:00,0.38285092
2025-06-08 14:00:00,0.33736888
2025-06-08 15:00:00,0.22499785
2025-06-08 16:00:00,0.072364874
2025-06-08 17:00:00,-0.068318605
2025-06-08 18:00:00,-0.17468786
2025-06-08 19:00:00,-0.20992543
2025-06-08 20:00:00,-0.16692698
2025-06-08 21:00:00,-0.044625055
2025-06-08 22:00:00,0.11404898
2025-06-08 23:00:00,0.29193413
2025-06-09 00:00:00,0.44681728
2025-06-09 01:00:00,0.54948
2025-06-09 02:00:00,0.5760644
2025-06-09 03:00:00,0.5191445
2025-06-09 04:00:00,0.411812
2025-06-09 05:00:00,0.3076861
2025-06-09 06:00:00,0.2521051
2025-06-09 07:00:00,0.19377942
2025-06-09 08:00:00,0.18591616
2025-06-09 09:00:00,0.2300582
2025-06-09 10:00:00,0.3107317
2025-06-09 11:00:00,0.3997316
2025-06-09 12:00:00,0.5085753
2025-06-09 13:00:00,0.5598907
2025-06-09 14:00:00,0.55292135
2025-06-09 15:00:00,0.4725867
2025-06-09 16:00:00,0.3261922
2025-06-09 17:00:00,0.16679482
2025-06-09 18:00:00,0.03740633
2025-06-09 19:00:00,-0.03890361
2025-06-09 20:00:00,-0.047753014
2025-06-09 21:00:00,0.02531523
2025-06-09 22:00:00,0.17163081
2025-06-09 23:00:00,0.34873864
2025-06-10 00:00:00,0.51704454
2025-06-10 01:00:00,0.66231453
2025-06-10 02:00:00,0.73246694
2025-06-10 03:00:00,0.70932907
2025-06-10 04:00:00,0.6087025
2025-06-10 05:00:00,0.45364165
2025-06-10 06:00:00,0.29197747
2025-06-10 07:00:00,0.15172957
2025-06-10 08:00:00,0.059085317
2025-06-10 09:00:00,0.042041484
2025-06-10 10:00:00,0.104255795
2025-06-10 11:00:00,0.21246946
2025-06-10 12:00:00,0.33001858
2025-06-10 13:00:00,0.4107552
2025-06-10 14:00:00,0.44507307
2025-06-10 15:00:00,0.40931815
2025-06-10 16:00:00,0.29910862
2025-06-10 17:00:00,0.13960579
2025-06-10 18:00:00,-0.013630866
2025-06-10 19:00:00,-0.14259124
2025-06-10 20:00:00,-0.20655881
2025-06-10 21:00:00,-0.17353721
2025-06-10 22:00:00,-0.07008537
2025-06-10 23:00:00,0.11302527
2025-06-11 00:00:00,0.31249124
2025-06-11 01:00:00,0.49722436
2025-06-11 02:00:00,0.62020075
2025-06-11 03:00:00,0.6725715
2025-06-11 04:00:00,0.6247516
2025-06-11 05:00:00,0.48996735
2025-06-11 06:00:00,0.32206517
2025-06-11 07:00:00,0.15580659
2025-06-11 08:00:00,0.019645663
2025-06-11 09:00:00,-0.054358836
2025-06-11 10:00:00,-0.04071781
2025-06-11 11:00:00,0.03981381
2025-06-11 12:00:00,0.16726322
2025-06-11 13:00:00,0.2925251
2025-06-11 14:00:00,0.36905774
2025-06-11 15:00:00,0.38506258
2025-06-11 16:00:00,0.31965625
2025-06-11 17:00:00,0.1794779
2025-06-11 18:00:00,0.0011240758
2025-06-11 19:00:00,-0.16776535
2025-06-11 20:00:00,-0.26312536
2025-06-11 21:00:00,-0.30269843
2025-06-11 22:00:00,-0.24722381
2025-06-11 23:00:00,-0.09320286
2025-06-12 00:00:00,0.11569925
2025-06-12 01:00:00,0.3343662
2025-06-12 02:00:00,0.5120769
2025-06-12 03:00:00,0.6182973
2025-06-12 04:00:00,0.6335739
2025-06-12 05:00:00,0.5423938
2025-06-12 06:00:00,0.37728605
2025-06-12 07:00:00,0.19490527
2025-06-12 08:00:00,0.03342904
2025-06-12 09:00:00,-0.08501661
2025-06-12 10:00:00,-0.13145484
2025-06-12 11:00:00,-0.081296586
2025-06-12 12:00:00,0.034256794
2025-06-12 13:00:00,0.16650115
2025-06-12 14:00:00,0.29121488
2025-06-12 15:00:00,0.343313
2025-06-12 16:00:00,0.3398165
2025-06-12 17:00:00,0.24408096
2025-06-12 18:00:00,0.08597409
2025-06-12 19:00:00,-0.081869476
2025-06-12 20:00:00,-0.21352407
2025-06-12 21:00:00,-0.29497805
2025-06-12 22:00:00,-0.29179096
2025-06-12 23:00:00,-0.19741721
2025-06-13 00:00:00,-0.021138327
2025-06-13 01:00:00,0.20069467
2025-06-13 02:00:00,0.40453377
2025-06-13 03:00:00,0.555697
2025-06-13 04:00:00,0.62745124
2025-06-13 05:00:00,0.5962063
2025-06-13 06:00:00,0.4815538
2025-06-13 07:00:00,0.3041091
2025-06-13 08:00:00,0.12254903
2025-06-13 09:00:00,-0.0327523
2025-06-13 10:00:00,-0.1282934
2025-06-13 11:00:00,-0.14790174
2025-06-13 12:00:00,-0.0805887
2025-06-13 13:00:00,0.055199333
2025-06-13 14:00:00,0.19495033
2025-06-13 15:00:00,0.29921025
2025-06-13 16:00:00,0.3368399
2025-06-13 17:00:00,0.3038297
2025-06-13 18:00:00,0.19206354
2025-06-13 19:00:00,0.029232293
2025-06-13 20:00:00,-0.12644072
2025-06-13 21:00:00,-0.24674974
2025-06-13 22:00:00,-0.30439022
2025-06-13 23:00:00,-0.2722369
2025-06-14 00:00:00,-0.14661816
